,Proteomics (CMRI&Sanger),Transcriptomics,Drug response (Sanger),Mutation,Copy number,Methylation,Drug response (CTD2),Gene essentiality (Broad&Sanger),Drug response (PRISM),Proteomics (CCLE)
SIDM01111,1,1,1,1,1,1,1,1,1,1
SIDM01122,1,1,1,1,1,1,1,1,1,1
SIDM00090,1,1,1,1,1,1,1,1,1,1
SIDM00628,1,1,1,1,1,1,1,1,1,1
SIDM00589,1,1,1,1,1,1,1,1,1,1
SIDM00874,1,1,1,1,1,1,1,1,1,1
SIDM00373,1,1,1,1,1,1,1,1,1,1
SIDM00940,1,1,1,1,1,1,1,1,1,1
SIDM00937,1,1,1,1,1,1,1,1,1,1
SIDM00847,1,1,1,1,1,1,1,1,1,1
SIDM00742,1,1,1,1,1,1,1,1,1,1
SIDM00499,1,1,1,1,1,1,1,1,1,1
SIDM00541,1,1,1,1,1,1,1,1,1,1
SIDM01060,1,1,1,1,1,1,1,1,1,1
SIDM00771,1,1,1,1,1,1,1,1,1,1
SIDM00084,1,1,1,1,1,1,1,1,1,1
SIDM00139,1,1,1,1,1,1,1,1,1,1
SIDM00369,1,1,1,1,1,1,1,1,1,1
SIDM00486,1,1,1,1,1,1,1,1,1,1
SIDM01090,1,1,1,1,1,1,1,1,1,1
SIDM00797,1,1,1,1,1,1,1,1,1,1
SIDM00759,1,1,1,1,1,1,1,1,1,1
SIDM00339,1,1,1,1,1,1,1,1,1,1
SIDM01033,1,1,1,1,1,1,1,1,1,1
SIDM00649,1,1,1,1,1,1,1,1,1,1
SIDM00082,1,1,1,1,1,1,1,1,1,1
SIDM00301,1,1,1,1,1,1,1,1,1,1
SIDM00933,1,1,1,1,1,1,1,1,1,1
SIDM01147,1,1,1,1,1,1,1,1,1,1
SIDM01055,1,1,1,1,1,1,1,1,1,1
SIDM01110,1,1,1,1,1,1,1,1,1,1
SIDM00755,1,1,1,1,1,1,1,1,1,1
SIDM00334,1,1,1,1,1,1,1,1,1,1
SIDM01082,1,1,1,1,1,1,1,1,1,1
SIDM00250,1,1,1,1,1,1,1,1,1,1
SIDM00685,1,1,1,1,1,1,1,1,1,1
SIDM00903,1,1,1,1,1,1,1,1,1,1
SIDM00715,1,1,1,1,1,1,1,1,1,1
SIDM00349,1,1,1,1,1,1,1,1,1,1
SIDM00130,1,1,1,1,1,1,1,1,1,1
SIDM00237,1,1,1,1,1,1,1,1,1,1
SIDM00615,1,1,1,1,1,1,1,1,1,1
SIDM00151,1,1,1,1,1,1,1,1,1,1
SIDM00305,1,1,1,1,1,1,1,1,1,1
SIDM00750,1,1,1,1,1,1,1,1,1,1
SIDM00950,1,1,1,1,1,1,1,1,1,1
SIDM00348,1,1,1,1,1,1,1,1,1,1
SIDM01124,1,1,1,1,1,1,1,1,1,1
SIDM00138,1,1,1,1,1,1,1,1,1,1
SIDM00194,1,1,1,1,1,1,1,1,1,1
SIDM00581,1,1,1,1,1,1,1,1,1,1
SIDM00702,1,1,1,1,1,1,1,1,1,1
SIDM00680,1,1,1,1,1,1,1,1,1,1
SIDM00247,1,1,1,1,1,1,1,1,1,1
SIDM01026,1,1,1,1,1,1,1,1,1,1
SIDM00645,1,1,1,1,1,1,1,1,1,1
SIDM00602,1,1,1,1,1,1,1,1,1,1
SIDM00778,1,1,1,1,1,1,1,1,1,1
SIDM00554,1,1,1,1,1,1,1,1,1,1
SIDM00210,1,1,1,1,1,1,1,1,1,1
SIDM00749,1,1,1,1,1,1,1,1,1,1
SIDM00684,1,1,1,1,1,1,1,1,1,1
SIDM00848,1,1,1,1,1,1,1,1,1,1
SIDM00239,1,1,1,1,1,1,1,1,1,1
SIDM00609,1,1,1,1,1,1,1,1,1,1
SIDM00122,1,1,1,1,1,1,1,1,1,1
SIDM00795,1,1,1,1,1,1,1,1,1,1
SIDM00108,1,1,1,1,1,1,1,1,1,1
SIDM01193,1,1,1,1,1,1,1,1,1,1
SIDM00120,1,1,1,1,1,1,1,1,1,1
SIDM00920,1,1,1,1,1,1,1,1,1,1
SIDM00572,1,1,1,1,1,1,1,1,1,1
SIDM01130,1,1,1,1,1,1,1,1,1,1
SIDM01028,1,1,1,1,1,1,1,1,1,1
SIDM00745,1,1,1,1,1,1,1,1,1,1
SIDM01199,1,1,1,1,1,1,1,1,1,1
SIDM00997,1,1,1,1,1,1,1,1,1,1
SIDM00855,1,1,1,1,1,1,1,1,1,1
SIDM00875,1,1,1,1,1,1,1,1,1,1
SIDM00675,1,1,1,1,1,1,1,1,1,1
SIDM00107,1,1,1,1,1,1,1,1,1,1
SIDM00618,1,1,1,1,1,1,1,1,1,1
SIDM01072,1,1,1,1,1,1,1,1,1,1
SIDM01150,1,1,1,1,1,1,1,1,1,1
SIDM00703,1,1,1,1,1,1,1,1,1,1
SIDM00392,1,1,1,1,1,1,1,1,1,1
SIDM00783,1,1,1,1,1,1,1,1,1,1
SIDM00828,1,1,1,1,1,1,1,1,1,1
SIDM00803,1,1,1,1,1,1,1,1,1,1
SIDM00941,1,1,1,1,1,1,1,1,1,1
SIDM00328,1,1,1,1,1,1,1,1,1,1
SIDM01139,1,1,1,1,1,1,1,1,1,1
SIDM00290,1,1,1,1,1,1,1,1,1,1
SIDM00926,1,1,1,1,1,1,1,1,1,1
SIDM01165,1,1,1,1,1,1,1,1,1,1
SIDM00125,1,1,1,1,1,1,1,1,1,1
SIDM00371,1,1,1,1,1,1,1,1,1,1
SIDM00973,1,1,1,1,1,1,1,1,1,1
SIDM01194,1,1,1,1,1,1,1,1,1,1
SIDM00856,1,1,1,1,1,1,1,1,1,1
SIDM00837,1,1,1,1,1,1,1,1,1,1
SIDM00498,1,1,1,1,1,1,1,1,1,1
SIDM00116,1,1,1,1,1,1,1,1,1,1
SIDM00345,1,1,1,1,1,1,1,1,1,1
SIDM01024,1,1,1,1,1,1,1,1,1,1
SIDM01191,1,1,1,1,1,1,1,1,1,1
SIDM00832,1,1,1,1,1,1,1,1,1,1
SIDM01101,1,1,1,1,1,1,1,1,1,1
SIDM00740,1,1,1,1,1,1,1,1,1,1
SIDM01137,1,1,1,1,1,1,1,1,1,1
SIDM00401,1,1,1,1,1,1,1,1,1,1
SIDM00333,1,1,1,1,1,1,1,1,1,1
SIDM00762,1,1,1,1,1,1,1,1,1,1
SIDM00718,1,1,1,1,1,1,1,1,1,1
SIDM00860,1,1,1,1,1,1,1,1,1,1
SIDM01112,1,1,1,1,1,1,1,1,1,1
SIDM00477,1,1,1,1,1,1,1,1,1,1
SIDM01059,1,1,1,1,1,1,1,1,1,1
SIDM01163,1,1,1,1,1,1,1,1,1,1
SIDM01031,1,1,1,1,1,1,1,1,1,1
SIDM00713,1,1,1,1,1,1,1,1,1,1
SIDM00866,1,1,1,1,1,1,1,1,1,1
SIDM00677,1,1,1,1,1,1,1,1,1,1
SIDM00607,1,1,1,1,1,1,1,1,1,1
SIDM00965,1,1,1,1,1,1,1,1,1,1
SIDM00799,1,1,1,1,1,1,1,1,1,1
SIDM00453,1,1,1,1,1,1,1,1,1,1
SIDM00146,1,1,1,1,1,1,1,1,1,1
SIDM00148,1,1,1,1,1,1,1,1,1,1
SIDM00660,1,1,1,1,1,1,1,1,1,1
SIDM01156,1,1,1,1,1,1,1,1,1,1
SIDM00748,1,1,1,1,1,1,1,1,1,1
SIDM00611,1,1,1,1,1,1,1,1,1,1
SIDM01030,1,1,1,1,1,1,1,1,1,1
SIDM00336,1,1,1,1,1,1,1,1,1,1
SIDM00136,1,1,1,1,1,1,1,1,1,1
SIDM00716,1,1,1,1,1,1,1,1,1,1
SIDM00548,1,1,1,1,1,1,1,1,1,1
SIDM00097,1,1,1,1,1,1,1,1,1,1
SIDM01067,1,1,1,1,1,1,1,1,1,1
SIDM00678,1,1,1,1,1,1,1,1,1,1
SIDM01190,1,1,1,1,1,1,1,1,1,1
SIDM00640,1,1,1,1,1,1,1,1,1,1
SIDM00402,1,1,1,1,1,1,1,1,1,1
SIDM00850,1,1,1,1,1,1,1,1,1,1
SIDM00789,1,1,1,1,1,1,1,1,1,1
SIDM00278,1,1,1,1,1,1,1,1,1,0
SIDM00078,1,1,1,1,1,1,1,1,1,0
SIDM01032,1,1,1,1,1,1,1,1,1,0
SIDM00222,1,1,1,1,1,1,1,1,1,0
SIDM00193,1,1,1,1,1,1,1,1,1,0
SIDM00919,1,1,1,1,1,0,1,1,1,1
SIDM00882,1,1,1,1,1,1,1,1,1,0
SIDM01170,1,1,1,1,1,1,1,1,1,0
SIDM00493,1,1,1,1,1,1,0,1,1,1
SIDM01062,1,1,1,1,1,1,1,0,1,1
SIDM00335,1,1,1,1,1,1,0,1,1,1
SIDM00983,1,1,1,1,1,1,1,1,1,0
SIDM00629,1,1,1,1,1,1,0,1,1,1
SIDM00988,1,1,1,1,1,1,1,1,1,0
SIDM01171,1,1,1,1,1,1,1,1,1,0
SIDM00899,1,1,1,1,1,0,1,1,1,1
SIDM01079,1,1,1,1,1,1,1,0,1,1
SIDM00982,1,1,1,1,1,1,1,1,1,0
SIDM01087,1,1,1,1,1,1,1,1,0,1
SIDM00826,1,1,1,1,1,1,1,1,0,1
SIDM00238,1,1,1,1,1,1,1,1,1,0
SIDM01088,1,1,1,1,1,1,1,1,1,0
SIDM00833,1,1,1,1,1,1,0,1,1,1
SIDM00455,1,1,1,1,1,1,1,1,1,0
SIDM01106,1,1,1,1,1,1,1,1,1,0
SIDM01125,1,1,1,1,1,1,1,1,0,1
SIDM00853,1,1,1,1,1,1,1,1,1,0
SIDM00654,1,1,1,1,1,1,0,1,1,1
SIDM00651,1,1,1,1,1,1,1,1,0,1
SIDM01105,1,1,1,1,1,1,1,0,1,1
SIDM01197,1,1,1,1,1,1,1,1,0,1
SIDM01136,1,1,1,1,1,1,1,1,1,0
SIDM01025,1,1,1,1,1,1,1,1,1,0
SIDM00734,1,1,1,1,1,1,0,1,1,1
SIDM00475,1,1,1,1,1,1,1,0,1,1
SIDM00861,1,1,1,1,1,1,1,1,1,0
SIDM00522,1,1,1,1,1,1,1,0,1,1
SIDM00931,1,1,1,1,1,1,1,1,1,0
SIDM01051,1,1,1,1,1,1,1,1,1,0
SIDM00411,1,1,1,1,1,1,1,1,1,0
SIDM00469,1,1,1,1,1,1,1,1,1,0
SIDM00867,1,1,1,1,1,1,1,1,1,0
SIDM00798,1,1,1,1,1,1,1,0,1,1
SIDM00087,1,1,1,1,1,1,1,1,0,1
SIDM00571,1,1,1,1,1,1,1,1,1,0
SIDM00568,1,1,1,1,1,1,1,1,0,1
SIDM00425,1,1,1,1,1,1,1,1,1,0
SIDM00779,1,1,1,1,1,1,1,1,0,1
SIDM01172,1,1,1,1,1,1,1,1,0,1
SIDM00512,1,1,1,1,1,1,0,1,1,1
SIDM00956,1,1,1,1,1,1,1,1,1,0
SIDM00368,1,1,1,1,1,1,1,0,1,1
SIDM01182,1,1,1,1,1,1,1,1,0,1
SIDM00564,1,1,1,1,1,1,1,1,1,0
SIDM00220,1,1,1,1,1,1,1,1,1,0
SIDM00881,1,1,1,1,1,1,1,1,1,0
SIDM01181,1,1,1,1,1,1,1,1,1,0
SIDM00947,1,1,1,1,1,1,1,1,1,0
SIDM01010,1,1,1,1,1,1,1,1,0,1
SIDM01085,1,1,1,1,1,1,1,0,1,1
SIDM00360,1,1,1,1,1,1,1,0,1,1
SIDM00616,1,1,1,1,0,1,1,1,1,1
SIDM01103,1,1,1,1,1,1,1,1,1,0
SIDM00149,1,1,1,1,1,1,1,0,1,1
SIDM00890,1,1,1,1,1,1,1,1,0,1
SIDM00763,1,1,1,1,1,1,1,1,1,0
SIDM00341,1,1,1,1,1,1,1,1,1,0
SIDM00693,1,1,1,1,1,1,1,0,1,1
SIDM00429,1,1,1,1,1,1,1,1,0,1
SIDM01000,1,1,1,1,1,1,1,1,0,1
SIDM00999,1,1,1,1,1,1,1,1,1,0
SIDM00989,1,1,1,1,1,1,1,1,1,0
SIDM00318,1,1,1,1,1,0,1,1,1,1
SIDM00284,1,1,1,1,1,1,0,1,1,1
SIDM00831,1,1,1,1,1,0,1,1,1,1
SIDM00473,1,1,1,1,1,1,1,1,1,0
SIDM00353,1,1,1,1,1,1,1,1,1,0
SIDM00594,1,1,1,1,1,1,1,1,0,1
SIDM00588,1,1,1,1,1,1,1,1,0,1
SIDM00513,1,1,1,1,1,1,1,0,1,1
SIDM00132,1,1,1,1,1,0,1,1,1,1
SIDM00533,1,1,1,1,1,0,1,1,1,1
SIDM01184,1,1,1,1,1,0,1,1,1,1
SIDM00547,1,1,1,1,1,1,1,1,0,1
SIDM00722,1,1,1,1,1,1,1,1,1,0
SIDM00756,1,1,1,1,1,1,1,0,1,1
SIDM01043,1,1,1,1,1,1,1,1,1,0
SIDM00729,1,1,1,1,1,1,1,0,1,1
SIDM00273,1,1,1,1,1,1,1,1,1,0
SIDM00676,1,1,1,1,1,1,1,1,0,1
SIDM00405,1,1,1,1,1,1,1,1,0,1
SIDM00140,1,1,1,1,1,1,1,1,1,0
SIDM00606,1,1,1,1,1,1,1,1,1,0
SIDM00658,1,1,1,1,1,1,1,0,1,1
SIDM00355,1,1,1,1,1,1,1,0,1,1
SIDM00474,1,1,1,1,1,1,1,1,1,0
SIDM00326,1,1,1,1,1,1,1,1,1,0
SIDM00437,1,1,1,1,1,1,1,1,0,1
SIDM00505,1,1,1,1,1,0,1,1,1,1
SIDM01108,1,1,1,1,1,1,1,0,1,1
SIDM01113,1,1,1,1,1,1,1,1,1,0
SIDM01119,1,1,1,1,1,1,1,1,1,0
SIDM00347,1,1,1,1,1,1,1,1,1,0
SIDM00515,1,1,1,1,1,1,1,1,1,0
SIDM01005,1,1,1,1,1,1,1,1,0,1
SIDM01138,1,1,1,1,1,1,1,1,1,0
SIDM00925,1,1,1,1,1,1,1,1,0,1
SIDM00079,1,1,1,1,1,1,1,1,1,0
SIDM00235,1,1,1,1,1,1,1,1,1,0
SIDM00839,1,1,1,1,1,1,1,1,1,0
SIDM00386,1,1,1,1,1,1,1,1,1,0
SIDM00753,1,1,1,1,1,1,1,1,1,0
SIDM01052,1,1,1,1,1,1,1,1,1,0
SIDM00529,1,1,1,1,1,1,1,1,0,1
SIDM00144,1,1,1,1,1,0,1,1,1,1
SIDM01135,1,1,1,1,1,1,1,1,1,0
SIDM00419,1,1,1,1,1,1,1,1,0,1
SIDM00306,1,1,1,1,1,1,1,0,1,1
SIDM01066,1,1,1,1,1,1,1,0,1,1
SIDM01155,1,1,1,1,1,1,1,1,1,0
SIDM01070,1,1,1,1,1,1,1,1,1,0
SIDM00337,1,1,1,1,1,1,1,1,1,0
SIDM00560,1,1,1,1,1,1,1,0,1,1
SIDM01141,1,1,1,1,1,1,1,1,0,1
SIDM00485,1,1,1,1,1,1,1,1,0,1
SIDM00939,1,1,1,1,1,1,1,1,1,0
SIDM00614,1,1,1,1,1,1,0,1,1,1
SIDM00080,1,1,1,1,1,1,1,0,1,1
SIDM00527,1,1,1,1,1,1,1,1,0,1
SIDM00998,1,1,1,1,1,1,1,1,1,0
SIDM00929,1,1,1,1,1,1,1,1,1,0
SIDM01008,1,1,1,1,1,1,1,1,0,1
SIDM01002,1,1,1,1,1,1,1,0,1,1
SIDM00111,1,1,1,1,1,1,1,1,1,0
SIDM00728,1,1,1,1,1,1,1,1,0,1
SIDM00083,1,1,1,1,1,1,1,1,1,0
SIDM00996,1,1,1,1,1,1,1,0,1,1
SIDM00325,1,1,1,1,1,1,1,1,1,0
SIDM00457,1,1,1,1,1,1,1,1,0,1
SIDM01146,1,1,1,1,1,1,1,1,0,1
SIDM00683,1,1,1,1,1,0,1,1,1,1
SIDM00942,1,1,1,1,1,1,1,1,0,1
SIDM00689,1,1,1,1,1,1,1,1,0,1
SIDM00088,1,1,1,1,1,1,1,0,1,1
SIDM00687,1,1,1,1,1,1,1,1,0,1
SIDM00480,1,1,1,1,1,1,1,1,1,0
SIDM00695,1,1,1,1,1,1,1,1,1,0
SIDM00359,1,1,1,1,1,1,1,1,1,0
SIDM00936,1,1,1,1,1,1,1,1,1,0
SIDM00578,1,1,1,1,1,1,1,1,1,0
SIDM01068,1,1,1,1,1,1,1,1,1,0
SIDM01169,1,1,1,1,1,1,1,1,1,0
SIDM00980,1,1,1,1,1,1,1,1,1,0
SIDM01045,1,1,1,1,1,1,1,1,1,0
SIDM00921,1,1,1,1,1,0,1,1,1,1
SIDM01027,1,1,1,1,1,1,1,1,0,1
SIDM00534,1,1,1,1,1,1,1,1,0,1
SIDM00807,1,1,1,1,1,1,1,1,1,0
SIDM00598,1,1,1,1,1,1,1,1,1,0
SIDM00791,1,1,1,1,1,1,1,1,0,1
SIDM00884,1,1,1,1,1,1,1,1,0,1
SIDM00708,1,1,1,1,1,1,1,1,1,0
SIDM01076,1,1,1,1,1,1,1,1,0,1
SIDM00957,1,1,1,1,1,1,1,1,0,1
SIDM01188,1,1,1,1,1,1,1,1,0,1
SIDM00447,1,1,1,1,1,1,1,1,0,1
SIDM00613,1,1,1,1,1,1,1,1,1,0
SIDM00095,1,1,1,1,1,1,1,1,1,0
SIDM00117,1,1,1,1,1,1,1,1,1,0
SIDM00720,1,1,1,1,1,1,1,1,1,0
SIDM00272,1,1,1,1,1,1,1,1,0,1
SIDM00315,1,1,1,1,1,1,1,1,1,0
SIDM00841,1,1,1,1,1,0,1,1,1,1
SIDM00213,1,1,1,1,1,1,1,1,1,0
SIDM00567,1,1,1,1,1,1,1,1,1,0
SIDM00590,1,1,1,1,1,1,1,1,1,0
SIDM00487,1,1,1,1,1,1,1,1,0,1
SIDM00494,1,1,1,1,1,1,0,1,1,1
SIDM00898,1,1,1,1,1,1,1,1,0,1
SIDM00316,1,1,1,1,1,1,1,1,1,0
SIDM01009,1,1,1,1,1,1,1,1,1,0
SIDM00743,1,1,1,1,1,1,1,1,0,1
SIDM00395,1,1,1,1,1,1,1,1,1,0
SIDM00352,1,1,1,1,1,1,1,1,1,0
SIDM00887,1,1,1,1,1,0,1,1,1,1
SIDM00382,1,1,1,1,1,1,1,1,1,0
SIDM00478,1,1,1,1,1,1,1,1,1,0
SIDM00490,1,1,1,1,1,0,1,1,1,0
SIDM00934,1,1,1,1,1,1,1,1,0,0
SIDM00418,1,1,1,1,1,1,1,0,1,0
SIDM00081,1,1,1,1,1,1,1,0,0,1
SIDM00723,1,1,1,1,1,1,1,0,1,0
SIDM00150,1,1,1,1,1,1,1,1,0,0
SIDM00893,1,1,1,1,1,1,1,0,0,1
SIDM00119,1,1,1,1,1,1,1,1,0,0
SIDM00834,1,1,1,1,1,1,1,1,0,0
SIDM00580,1,1,1,1,1,1,1,1,0,0
SIDM00451,1,1,1,1,1,1,1,1,0,0
SIDM00545,1,1,1,1,1,0,1,0,1,1
SIDM00738,1,1,1,1,1,1,1,1,0,0
SIDM01047,1,1,1,1,1,1,1,1,0,0
SIDM00391,1,1,1,1,1,1,1,1,0,0
SIDM01180,1,1,1,1,1,1,1,1,0,0
SIDM00460,1,1,1,1,1,1,1,1,0,0
SIDM01078,1,1,1,1,1,0,1,1,0,1
SIDM01128,1,1,1,1,1,1,1,1,0,0
SIDM00993,1,1,1,1,1,1,1,1,0,0
SIDM01037,1,1,1,1,0,0,1,1,1,1
SIDM01080,1,1,1,1,1,1,1,1,0,0
SIDM00214,1,1,1,1,1,1,1,0,1,0
SIDM00556,1,1,1,1,1,1,1,1,0,0
SIDM00661,1,1,1,1,1,1,1,1,0,0
SIDM00414,0,1,1,1,1,1,1,1,1,0
SIDM00698,1,1,1,1,1,1,1,0,0,1
SIDM00961,1,1,1,1,1,1,1,0,1,0
SIDM01098,1,1,1,1,1,1,1,1,0,0
SIDM00741,1,1,1,1,1,1,1,1,0,0
SIDM01089,1,1,1,1,1,1,1,0,0,1
SIDM00949,1,1,1,1,1,1,1,1,0,0
SIDM00525,1,1,1,1,1,1,1,0,1,0
SIDM00686,1,1,1,1,1,1,1,1,0,0
SIDM00274,1,1,1,1,1,1,0,1,1,0
SIDM00407,1,1,1,1,1,1,1,0,0,1
SIDM00523,1,1,1,1,1,1,1,1,0,0
SIDM00670,1,1,1,1,1,1,1,0,1,0
SIDM00872,1,1,1,1,1,1,0,1,0,1
SIDM00428,1,1,1,1,1,1,1,1,0,0
SIDM00479,1,1,1,1,1,1,1,0,1,0
SIDM00852,1,1,1,1,1,1,0,1,1,0
SIDM00963,1,1,1,1,1,1,1,0,1,0
SIDM00327,1,1,1,1,1,1,1,0,0,1
SIDM00091,1,1,1,1,1,1,1,1,0,0
SIDM00769,1,1,1,1,1,1,1,0,1,0
SIDM01023,1,1,1,1,1,1,1,0,0,1
SIDM00313,1,1,1,1,1,1,1,1,0,0
SIDM00990,1,1,1,1,1,1,1,0,1,0
SIDM00124,1,1,1,1,1,1,1,0,0,1
SIDM00944,1,1,1,1,1,1,1,1,0,0
SIDM00857,1,1,1,1,1,1,1,0,1,0
SIDM00575,1,1,1,1,1,1,1,1,0,0
SIDM00943,1,1,1,1,1,1,1,0,1,0
SIDM00112,1,1,1,1,1,1,1,0,1,0
SIDM00585,1,1,1,1,1,0,0,1,1,1
SIDM00885,1,1,1,1,1,1,0,1,0,1
SIDM01036,1,1,1,1,1,1,1,1,0,0
SIDM01015,1,1,1,1,1,1,1,1,0,0
SIDM01099,1,1,1,1,1,1,1,1,0,0
SIDM00673,1,1,1,1,1,1,0,1,0,1
SIDM00879,1,1,1,1,1,1,1,0,0,1
SIDM00092,1,1,1,1,1,1,1,0,0,1
SIDM00495,1,1,1,1,1,1,1,1,0,0
SIDM00776,1,1,1,1,1,1,1,1,0,0
SIDM01096,1,1,1,1,1,1,1,0,0,1
SIDM00932,1,1,1,1,1,1,1,0,1,0
SIDM00806,1,1,1,1,1,1,1,0,1,0
SIDM00224,1,1,1,1,1,1,1,0,1,0
SIDM00849,1,1,1,1,1,1,0,0,1,1
SIDM00657,1,1,1,1,1,1,1,1,0,0
SIDM00637,1,1,1,1,1,1,1,1,0,0
SIDM00426,1,1,1,1,1,1,1,0,0,1
SIDM01265,1,1,1,1,1,1,1,1,0,0
SIDM00506,1,1,1,1,1,1,1,0,0,1
SIDM00363,1,1,1,1,1,1,1,1,0,0
SIDM00420,1,1,1,1,1,1,1,0,1,0
SIDM00317,1,1,1,1,1,1,1,0,1,0
SIDM00582,1,1,1,1,0,0,1,1,1,1
SIDM01148,1,1,1,1,1,1,1,0,0,1
SIDM00143,1,1,1,1,1,1,1,0,1,0
SIDM00271,0,1,1,1,1,1,1,0,1,1
SIDM00987,1,1,1,1,1,1,1,0,1,0
SIDM00387,1,1,1,1,1,1,1,1,0,0
SIDM01056,1,1,1,1,1,1,0,1,0,1
SIDM01100,1,1,1,1,1,1,1,1,0,0
SIDM00308,1,1,1,1,1,1,1,1,0,0
SIDM00312,1,1,1,1,1,1,1,1,0,0
SIDM00449,1,1,1,1,1,1,1,0,0,1
SIDM01077,1,1,1,1,1,0,1,1,0,1
SIDM00085,1,1,1,1,1,1,1,1,0,0
SIDM00344,1,1,1,1,1,1,1,1,0,0
SIDM01044,1,1,1,1,1,1,1,1,0,0
SIDM00886,1,1,1,1,1,1,1,1,0,0
SIDM00481,1,1,1,1,1,1,1,1,0,0
SIDM00761,1,1,1,1,1,1,1,0,0,1
SIDM00910,1,1,1,1,1,1,1,1,0,0
SIDM00681,1,1,0,1,1,1,1,1,1,0
SIDM00212,1,1,1,1,1,1,1,1,0,0
SIDM01004,1,1,1,1,1,1,1,1,0,0
SIDM00340,1,1,1,1,1,1,1,1,0,0
SIDM00630,1,1,1,1,1,1,1,1,0,0
SIDM00446,1,1,1,1,1,1,1,1,0,0
SIDM00142,1,1,1,1,1,1,1,1,0,0
SIDM00277,1,1,1,1,1,0,1,1,0,1
SIDM00772,1,1,1,1,1,1,1,0,0,1
SIDM00796,1,1,1,1,1,1,1,1,0,0
SIDM00653,1,1,1,1,1,1,1,1,0,0
SIDM00570,1,1,1,1,1,1,1,0,1,0
SIDM00865,1,1,1,1,1,1,1,0,0,1
SIDM00123,1,1,1,1,1,1,1,0,1,0
SIDM01081,1,1,1,1,1,1,1,1,0,0
SIDM01020,1,1,1,1,1,1,1,0,0,1
SIDM00322,1,1,1,1,1,1,0,1,1,0
SIDM00888,1,1,1,1,1,1,1,1,0,0
SIDM00528,1,1,1,1,1,1,1,1,0,0
SIDM00746,1,1,1,1,1,1,0,1,1,0
SIDM00924,1,1,1,1,1,0,1,1,0,1
SIDM00625,1,1,1,1,1,1,1,0,1,0
SIDM00744,1,1,1,1,1,1,1,0,1,0
SIDM00706,1,1,1,1,1,1,1,1,0,0
SIDM00552,1,1,1,1,1,1,1,0,0,1
SIDM00105,1,1,1,1,1,1,0,1,0,1
SIDM00704,1,1,1,1,1,1,1,1,0,0
SIDM00986,1,1,1,1,1,1,1,1,0,0
SIDM00421,1,1,1,1,1,1,1,1,0,0
SIDM01048,1,1,1,1,1,1,1,1,0,0
SIDM01233,1,1,1,1,1,1,1,1,0,0
SIDM01196,1,1,1,1,1,1,1,1,0,0
SIDM00587,1,1,1,1,1,0,1,1,1,0
SIDM00461,1,1,1,1,1,1,1,0,0,1
SIDM01029,1,1,1,1,1,1,0,1,1,0
SIDM00423,1,1,1,1,1,1,1,1,0,0
SIDM00503,1,1,1,1,1,1,1,1,0,0
SIDM00492,1,1,1,1,1,1,1,1,0,0
SIDM01001,1,1,1,1,1,1,1,1,0,0
SIDM00511,1,1,1,1,1,1,1,1,0,0
SIDM00782,1,1,1,1,1,1,1,1,0,0
SIDM01154,1,1,1,1,1,1,1,1,0,0
SIDM00801,0,1,1,1,1,1,1,0,1,1
SIDM01069,0,1,1,1,1,1,1,0,1,1
SIDM00751,1,1,1,1,1,1,1,0,1,0
SIDM01164,1,1,1,1,1,1,1,0,0,1
SIDM00663,1,1,1,1,1,1,0,1,1,0
SIDM01040,1,1,1,1,1,1,1,0,0,1
SIDM01161,1,1,1,1,1,1,1,1,0,0
SIDM01084,1,1,1,1,1,0,1,1,0,1
SIDM00389,1,1,1,1,1,1,1,1,0,0
SIDM01038,1,1,1,1,1,1,1,0,0,1
SIDM00812,1,1,1,1,1,1,1,0,0,1
SIDM00531,1,1,1,1,1,0,1,1,0,1
SIDM00901,1,1,1,1,1,1,1,0,1,0
SIDM00586,1,1,1,1,1,0,1,1,0,1
SIDM00321,1,1,1,1,1,0,1,1,0,1
SIDM00747,1,1,1,1,1,1,1,0,1,0
SIDM00264,1,1,1,1,1,1,0,1,0,0
SIDM01109,1,1,1,1,1,1,1,0,0,0
SIDM00263,1,1,1,1,1,1,0,1,0,0
SIDM00403,1,1,1,1,1,1,1,0,0,0
SIDM00052,1,1,1,1,1,1,0,1,0,0
SIDM00329,1,1,1,1,1,1,1,0,0,0
SIDM01174,1,1,1,1,1,1,0,1,0,0
SIDM01107,1,1,1,1,1,1,1,0,0,0
SIDM00433,1,1,1,1,1,1,1,0,0,0
SIDM00539,1,1,1,1,1,1,0,1,0,0
SIDM00324,1,1,1,1,1,1,0,1,0,0
SIDM00128,1,1,1,1,1,1,0,1,0,0
SIDM00261,1,1,1,1,1,1,0,1,0,0
SIDM01064,1,1,1,1,1,1,1,0,0,0
SIDM01016,1,1,1,1,1,0,1,0,0,1
SIDM00135,1,1,1,1,1,0,1,1,0,0
SIDM00878,1,1,1,1,1,1,1,0,0,0
SIDM00504,1,1,1,1,1,1,0,1,0,0
SIDM00172,1,1,1,1,1,1,0,1,0,0
SIDM00115,1,1,1,1,1,1,0,1,0,0
SIDM01013,1,1,1,1,1,1,1,0,0,0
SIDM00201,1,1,1,1,1,1,0,1,0,0
SIDM00450,1,1,1,1,1,1,1,0,0,0
SIDM00612,1,1,1,1,1,1,0,1,0,0
SIDM01003,1,1,1,1,1,1,1,0,0,0
SIDM00332,1,1,1,1,1,1,0,1,0,0
SIDM00758,1,1,1,1,1,1,0,1,0,0
SIDM00454,1,1,1,1,1,1,1,0,0,0
SIDM00724,1,1,1,1,1,1,1,0,0,0
SIDM00320,1,1,1,1,0,1,1,1,0,0
SIDM01220,1,1,1,1,1,1,0,1,0,0
SIDM01116,1,1,1,1,1,1,1,0,0,0
SIDM00664,1,1,1,0,1,0,1,1,1,0
SIDM00858,1,1,1,1,0,0,1,1,1,0
SIDM00434,1,1,1,1,1,1,1,0,0,0
SIDM01018,1,1,1,1,1,1,1,0,0,0
SIDM00727,1,1,1,1,1,1,1,0,0,0
SIDM00045,1,1,1,1,1,1,0,1,0,0
SIDM00710,1,1,1,1,1,1,1,0,0,0
SIDM00354,1,1,1,1,1,0,0,1,0,1
SIDM00279,1,1,1,1,1,1,1,0,0,0
SIDM01248,1,1,1,1,1,1,1,0,0,0
SIDM00537,1,1,1,1,1,1,0,1,0,0
SIDM01012,1,1,1,1,1,1,1,0,0,0
SIDM00962,1,1,1,1,1,1,1,0,0,0
SIDM01057,1,1,1,1,1,1,1,0,0,0
SIDM00946,1,1,1,1,1,1,1,0,0,0
SIDM01058,1,1,1,1,1,1,1,0,0,0
SIDM00679,1,1,1,1,1,1,0,1,0,0
SIDM01121,1,1,1,1,1,1,1,0,0,0
SIDM00938,1,1,1,1,1,1,1,0,0,0
SIDM00286,1,1,1,1,1,1,1,0,0,0
SIDM01097,1,1,1,1,1,1,0,1,0,0
SIDM00393,1,1,1,1,1,1,0,1,0,0
SIDM00739,1,1,1,1,1,1,1,0,0,0
SIDM00280,1,1,1,1,1,1,1,0,0,0
SIDM00379,1,1,1,1,1,1,0,1,0,0
SIDM01041,1,1,1,1,1,1,0,1,0,0
SIDM01140,1,1,1,1,1,1,0,1,0,0
SIDM00443,1,1,1,1,1,1,1,0,0,0
SIDM00829,1,1,1,1,1,1,1,0,0,0
SIDM00182,1,1,1,1,1,1,0,1,0,0
SIDM00665,1,1,1,1,1,0,1,1,0,0
SIDM00672,1,1,1,0,1,0,1,0,1,1
SIDM00608,1,1,1,1,0,0,1,1,0,1
SIDM00351,1,1,1,1,1,1,0,1,0,0
SIDM00930,1,1,1,1,1,1,0,1,0,0
SIDM00967,1,1,1,1,1,1,0,1,0,0
SIDM00282,1,1,1,1,1,1,1,0,0,0
SIDM00254,1,1,1,1,1,1,0,1,0,0
SIDM00156,1,1,1,1,1,1,0,1,0,0
SIDM01074,0,1,1,1,1,1,1,0,1,0
SIDM00484,1,1,1,1,1,1,0,0,1,0
SIDM00270,1,1,1,1,1,1,0,1,0,0
SIDM00259,1,1,1,1,1,1,0,1,0,0
SIDM01189,0,1,1,1,1,1,1,0,0,1
SIDM00463,1,1,1,1,1,1,1,0,0,0
SIDM00196,1,1,1,1,1,1,0,1,0,0
SIDM01228,1,1,1,1,1,1,0,0,1,0
SIDM00565,1,1,1,1,1,1,0,1,0,0
SIDM01145,1,1,1,1,1,0,1,1,0,0
SIDM00985,1,1,1,1,1,1,1,0,0,0
SIDM00596,1,1,1,1,1,1,0,1,0,0
SIDM00303,1,1,1,1,1,1,0,1,0,0
SIDM01086,1,1,1,1,1,1,1,0,0,0
SIDM00044,1,1,1,1,1,1,0,1,0,0
SIDM00187,1,1,1,1,1,1,0,1,0,0
SIDM00969,1,1,1,1,1,1,0,1,0,0
SIDM00207,1,1,1,1,1,1,0,1,0,0
SIDM00777,1,1,1,1,1,1,1,0,0,0
SIDM00338,1,1,1,1,1,1,1,0,0,0
SIDM00733,1,1,1,1,1,1,1,0,0,0
SIDM00358,1,1,1,1,1,1,0,1,0,0
SIDM00810,1,1,1,1,1,1,0,1,0,0
SIDM00390,1,1,1,1,1,1,1,0,0,0
SIDM00356,1,1,1,1,1,1,0,0,1,0
SIDM00346,1,1,1,1,1,1,1,0,0,0
SIDM00577,1,1,1,1,1,1,0,1,0,0
SIDM00994,1,1,1,1,1,1,1,0,0,0
SIDM00133,1,1,1,1,1,0,1,1,0,0
SIDM00216,1,1,1,1,1,1,1,0,0,0
SIDM01168,1,1,1,1,1,1,0,1,0,0
SIDM01071,1,1,1,1,1,1,1,0,0,0
SIDM00380,1,1,1,1,1,1,1,0,0,0
SIDM00632,1,1,1,1,1,1,0,1,0,0
SIDM00227,1,1,1,1,1,1,0,1,0,0
SIDM01042,1,1,1,1,1,1,0,1,0,0
SIDM00483,1,1,1,1,1,1,0,1,0,0
SIDM00521,1,1,1,1,1,1,1,0,0,0
SIDM00375,1,1,1,1,1,1,0,1,0,0
SIDM01144,1,1,1,1,1,1,1,0,0,0
SIDM00954,1,1,1,1,1,1,0,1,0,0
SIDM01187,1,1,1,1,1,1,1,0,0,0
SIDM00244,1,1,1,1,1,1,0,1,0,0
SIDM00711,1,1,1,1,1,1,0,0,0,1
SIDM00415,1,1,1,1,1,1,0,1,0,0
SIDM01129,1,1,1,1,1,1,1,0,0,0
SIDM00294,1,1,1,1,1,1,0,1,0,0
SIDM01063,0,1,1,1,1,1,1,0,0,1
SIDM00018,1,1,0,1,1,1,1,1,0,0
SIDM00127,1,1,1,1,1,1,0,1,0,0
SIDM00444,1,1,1,1,1,1,0,1,0,0
SIDM00583,1,1,1,1,1,1,0,1,0,0
SIDM00819,1,1,1,1,1,1,0,1,0,0
SIDM00927,1,1,1,1,1,1,1,0,0,0
SIDM00413,1,1,1,1,1,1,1,0,0,0
SIDM00225,1,1,1,1,1,1,0,1,0,0
SIDM00260,1,1,1,1,1,1,0,1,0,0
SIDM00604,1,1,1,1,1,1,0,1,0,0
SIDM00995,1,1,1,1,1,1,0,1,0,0
SIDM00928,0,1,1,1,1,1,1,0,0,1
SIDM00735,1,1,1,1,1,1,1,0,0,0
SIDM00509,1,1,1,1,1,1,0,1,0,0
SIDM00854,1,1,1,1,1,1,1,0,0,0
SIDM00096,1,1,1,1,1,1,1,0,0,0
SIDM00458,1,1,1,1,1,1,1,0,0,0
SIDM00208,1,1,1,1,1,1,0,1,0,0
SIDM00465,1,1,1,1,1,1,0,1,0,0
SIDM00157,1,1,1,1,1,1,0,1,0,0
SIDM00566,1,1,1,1,1,1,0,1,0,0
SIDM00383,1,1,1,1,1,1,0,1,0,0
SIDM00971,1,1,1,1,1,1,1,0,0,0
SIDM00646,1,1,1,1,1,1,1,0,0,0
SIDM00958,1,1,1,1,1,1,1,0,0,0
SIDM01006,1,1,1,1,1,1,1,0,0,0
SIDM00209,1,1,1,1,1,1,0,1,0,0
SIDM01131,1,1,1,1,1,1,0,1,0,0
SIDM00042,1,1,1,1,1,1,0,1,0,0
SIDM00377,1,1,1,1,1,1,0,1,0,0
SIDM00491,1,1,1,1,1,1,0,1,0,0
SIDM00472,1,1,1,1,1,1,0,1,0,0
SIDM00137,1,1,1,1,1,1,0,1,0,0
SIDM00422,1,1,1,1,1,1,1,0,0,0
SIDM00842,1,1,1,1,1,1,0,1,0,0
SIDM00652,1,1,1,1,1,1,1,0,0,0
SIDM01127,1,1,1,1,1,1,0,0,1,0
SIDM00501,1,1,1,1,1,1,0,1,0,0
SIDM00844,1,1,1,1,1,0,1,1,0,0
SIDM00968,1,1,1,1,1,1,0,1,0,0
SIDM00794,1,1,1,1,1,1,0,1,0,0
SIDM00376,1,1,1,1,1,1,1,0,0,0
SIDM00666,1,1,1,1,1,0,1,1,0,0
SIDM00835,1,1,1,1,1,1,1,0,0,0
SIDM00889,1,1,1,1,1,1,0,1,0,0
SIDM01246,1,1,1,1,1,1,0,1,0,0
SIDM00249,1,1,1,1,1,1,1,0,0,0
SIDM00699,1,1,1,1,1,1,1,0,0,0
SIDM00257,1,1,1,1,1,1,0,1,0,0
SIDM01160,1,1,1,1,1,1,0,0,1,0
SIDM00551,1,1,1,1,1,1,0,1,0,0
SIDM00118,1,1,1,1,1,1,0,1,0,0
SIDM00641,1,1,1,1,1,1,1,0,0,0
SIDM00909,1,1,1,1,1,1,0,0,0,1
SIDM00617,1,1,1,1,0,1,1,1,0,0
SIDM00726,1,1,1,1,1,1,0,0,1,0
SIDM00131,0,1,1,1,1,1,1,0,1,0
SIDM00538,1,1,1,1,1,1,0,1,0,0
SIDM01229,1,1,1,1,1,1,0,1,0,0
SIDM00907,1,1,1,1,1,1,1,0,0,0
SIDM00417,1,1,1,1,1,1,1,0,0,0
SIDM00530,1,1,1,1,1,1,0,1,0,0
SIDM00241,1,1,1,1,1,1,0,1,0,0
SIDM01186,1,1,1,1,1,1,0,1,0,0
SIDM00253,1,1,1,1,1,1,0,1,0,0
SIDM00671,1,1,1,1,1,1,1,0,0,0
SIDM01134,0,1,1,1,1,1,1,0,1,0
SIDM00813,1,1,1,1,1,1,1,0,0,0
SIDM00709,1,1,1,1,1,1,1,0,0,0
SIDM00255,1,1,1,1,1,1,0,1,0,0
SIDM01123,1,1,1,1,1,1,1,0,0,0
SIDM01173,1,1,1,1,1,1,1,0,0,0
SIDM00981,1,1,1,1,1,1,1,0,0,0
SIDM00396,1,1,1,1,1,1,1,0,0,0
SIDM01185,1,1,1,1,1,1,0,1,0,0
SIDM00134,1,1,1,1,1,1,1,0,0,0
SIDM00431,1,1,1,1,1,1,1,0,0,0
SIDM00043,1,1,1,1,1,1,0,1,0,0
SIDM00198,1,1,1,1,1,1,0,1,0,0
SIDM01176,1,1,1,1,1,1,1,0,0,0
SIDM00540,1,1,1,1,1,1,0,1,0,0
SIDM00394,1,1,1,1,1,1,0,1,0,0
SIDM00815,1,1,1,1,1,0,0,1,0,0
SIDM00203,1,1,1,1,1,1,0,0,0,0
SIDM00181,1,1,1,1,1,1,0,0,0,0
SIDM00293,1,1,1,1,1,1,0,0,0,0
SIDM01017,1,1,1,1,1,1,0,0,0,0
SIDM00959,0,1,1,1,1,0,1,0,0,1
SIDM00792,1,1,1,1,1,1,0,0,0,0
SIDM00688,1,1,1,1,1,1,0,0,0,0
SIDM00508,1,1,1,1,1,1,0,0,0,0
SIDM00466,1,1,1,1,1,1,0,0,0,0
SIDM00230,1,1,1,1,1,1,0,0,0,0
SIDM00370,1,1,1,1,1,0,1,0,0,0
SIDM00424,1,1,1,1,1,1,0,0,0,0
SIDM01175,1,1,1,1,1,1,0,0,0,0
SIDM00719,1,1,1,1,1,1,0,0,0,0
SIDM01178,1,1,1,1,1,1,0,0,0,0
SIDM00302,1,1,1,1,1,1,0,0,0,0
SIDM01019,1,1,1,1,1,1,0,0,0,0
SIDM00870,0,1,1,1,1,1,1,0,0,0
SIDM00438,1,1,1,1,1,1,0,0,0,0
SIDM01049,0,1,1,1,1,1,1,0,0,0
SIDM00374,1,1,1,1,1,1,0,0,0,0
SIDM00023,1,1,1,1,1,1,0,0,0,0
SIDM00191,1,1,1,1,1,1,0,0,0,0
SIDM00737,1,1,1,1,1,1,0,0,0,0
SIDM00186,1,1,1,1,1,1,0,0,0,0
SIDM01245,1,1,1,1,1,1,0,0,0,0
SIDM00535,1,1,1,1,1,1,0,0,0,0
SIDM00252,1,1,1,1,1,1,0,0,0,0
SIDM01198,0,1,1,1,1,1,1,0,0,0
SIDM00180,1,1,1,1,1,1,0,0,0,0
SIDM00094,1,1,1,1,1,1,0,0,0,0
SIDM00648,1,1,1,1,1,1,0,0,0,0
SIDM00488,1,1,1,1,1,1,0,0,0,0
SIDM00202,1,1,1,1,1,1,0,0,0,0
SIDM00644,0,1,1,1,1,1,1,0,0,0
SIDM01114,1,1,1,1,1,1,0,0,0,0
SIDM00785,1,1,1,1,1,1,0,0,0,0
SIDM01259,1,1,1,1,1,1,0,0,0,0
SIDM00197,1,1,1,1,1,1,0,0,0,0
SIDM00240,1,1,1,1,1,1,0,0,0,0
SIDM00233,1,1,1,1,1,1,0,0,0,0
SIDM00281,1,1,1,1,1,1,0,0,0,0
SIDM00579,1,1,1,1,1,1,0,0,0,0
SIDM00731,0,1,1,1,1,1,1,0,0,0
SIDM00846,1,1,1,1,1,0,1,0,0,0
SIDM01237,1,1,1,1,1,1,0,0,0,0
SIDM01007,1,1,1,1,1,1,0,0,0,0
SIDM00974,1,1,1,1,1,1,0,0,0,0
SIDM00557,1,1,1,1,1,1,0,0,0,0
SIDM00638,1,1,1,1,1,1,0,0,0,0
SIDM00053,1,1,1,1,1,1,0,0,0,0
SIDM00435,1,1,1,1,0,0,1,0,0,1
SIDM00532,1,1,1,1,1,1,0,0,0,0
SIDM00155,0,1,1,1,1,1,0,1,0,0
SIDM01034,1,1,1,1,1,1,0,0,0,0
SIDM00179,1,1,1,1,1,1,0,0,0,0
SIDM00526,1,1,1,1,1,1,0,0,0,0
SIDM01132,1,1,1,1,1,1,0,0,0,0
SIDM01093,1,1,1,1,1,0,0,1,0,0
SIDM00760,1,1,1,1,1,1,0,0,0,0
SIDM00700,1,1,1,1,1,1,0,0,0,0
SIDM00543,1,1,1,1,1,1,0,0,0,0
SIDM00283,1,1,1,1,1,1,0,0,0,0
SIDM00412,1,1,1,1,1,1,0,0,0,0
SIDM00697,1,1,1,1,1,1,0,0,0,0
SIDM00364,1,1,1,1,1,1,0,0,0,0
SIDM00185,1,1,1,1,1,1,0,0,0,0
SIDM00215,1,1,1,1,1,1,0,0,0,0
SIDM00287,1,1,1,1,1,1,0,0,0,0
SIDM00199,1,1,1,1,1,1,0,0,0,0
SIDM00304,1,1,1,1,1,1,0,0,0,0
SIDM00730,1,1,1,1,1,1,0,0,0,0
SIDM01039,1,0,1,1,1,1,0,1,0,0
SIDM00266,1,1,1,1,1,1,0,0,0,0
SIDM00205,1,0,1,1,1,1,0,1,0,0
SIDM01149,1,1,1,1,1,1,0,0,0,0
SIDM00573,1,1,1,1,1,0,0,1,0,0
SIDM00569,1,1,1,1,1,1,0,0,0,0
SIDM01151,0,1,1,1,1,1,1,0,0,0
SIDM00064,1,1,1,1,1,1,0,0,0,0
SIDM00388,1,1,1,1,1,1,0,0,0,0
SIDM00770,1,1,1,1,1,1,0,0,0,0
SIDM00905,1,1,1,1,1,1,0,0,0,0
SIDM00864,1,1,1,1,1,0,0,1,0,0
SIDM00350,1,1,1,1,1,1,0,0,0,0
SIDM00627,1,1,1,1,1,1,0,0,0,0
SIDM00863,1,1,1,1,1,1,0,0,0,0
SIDM00662,1,1,1,1,1,0,1,0,0,0
SIDM00121,1,1,1,1,1,1,0,0,0,0
SIDM01095,1,1,1,1,1,1,0,0,0,0
SIDM00591,1,1,1,1,1,0,0,1,0,0
SIDM00055,1,1,1,1,1,1,0,0,0,0
SIDM00404,1,1,1,1,1,1,0,0,0,0
SIDM00362,1,1,1,1,1,1,0,0,0,0
SIDM01083,1,1,1,1,1,1,0,0,0,0
SIDM00948,1,1,1,1,1,1,0,0,0,0
SIDM00732,1,1,1,1,1,1,0,0,0,0
SIDM00300,1,1,1,1,1,0,0,1,0,0
SIDM00276,1,1,1,1,1,1,0,0,0,0
SIDM00845,1,1,1,1,1,0,1,0,0,0
SIDM00576,1,1,1,1,1,1,0,0,0,0
SIDM00343,1,1,1,1,1,1,0,0,0,0
SIDM00489,1,1,1,1,1,0,0,1,0,0
SIDM00175,1,1,1,1,1,1,0,0,0,0
SIDM00633,1,1,1,1,1,0,0,0,1,0
SIDM00721,1,1,1,1,1,1,0,0,0,0
SIDM00553,1,1,1,1,1,1,0,0,0,0
SIDM00251,1,1,1,1,1,1,0,0,0,0
SIDM01179,1,1,1,1,1,1,0,0,0,0
SIDM00289,1,1,1,1,1,1,0,0,0,0
SIDM00231,1,1,1,1,1,1,0,0,0,0
SIDM00292,1,1,1,1,1,1,0,0,0,0
SIDM00659,1,1,1,1,1,1,0,0,0,0
SIDM00754,1,1,1,1,1,1,0,0,0,0
SIDM01104,0,1,1,1,1,1,1,0,0,0
SIDM01177,1,1,1,1,1,1,0,0,0,0
SIDM00496,1,1,1,1,1,1,0,0,0,0
SIDM00232,1,1,1,1,1,1,0,0,0,0
SIDM00817,1,1,1,1,1,1,0,0,0,0
SIDM00047,1,1,1,1,1,1,0,0,0,0
SIDM00935,1,1,1,1,1,1,0,0,0,0
SIDM00622,1,1,1,1,1,1,0,0,0,0
SIDM00896,1,1,1,1,1,1,0,0,0,0
SIDM00113,1,1,1,1,1,1,0,0,0,0
SIDM00242,1,1,1,1,1,1,0,0,0,0
SIDM00621,1,1,1,1,1,1,0,0,0,0
SIDM00211,1,1,1,1,1,1,0,0,0,0
SIDM00550,1,1,1,1,1,1,0,0,0,0
SIDM00923,1,1,1,1,1,0,0,1,0,0
SIDM01158,0,1,1,1,1,1,0,0,1,0
SIDM00467,1,1,1,1,1,1,0,0,0,0
SIDM00555,1,1,1,1,1,1,0,0,0,0
SIDM00502,1,1,1,1,1,0,1,0,0,0
SIDM00330,1,1,1,1,1,1,0,0,0,0
SIDM00145,1,1,1,1,1,1,0,0,0,0
SIDM00966,1,1,1,1,1,1,0,0,0,0
SIDM00964,1,1,1,1,1,1,0,0,0,0
SIDM00507,1,1,1,1,1,1,0,0,0,0
SIDM01219,1,0,1,1,1,1,0,1,0,0
SIDM00086,1,1,1,1,1,1,0,0,0,0
SIDM00517,1,1,1,1,1,0,0,1,0,0
SIDM00200,1,1,1,1,1,1,0,0,0,0
SIDM00774,1,1,1,1,1,1,0,0,0,0
SIDM00427,1,1,1,1,1,1,0,0,0,0
SIDM00195,1,1,1,1,1,1,0,0,0,0
SIDM00476,1,1,1,1,1,1,0,0,0,0
SIDM00574,1,1,1,1,1,0,0,1,0,0
SIDM00524,1,1,1,1,0,1,1,0,0,0
SIDM00976,1,1,1,1,1,1,0,0,0,0
SIDM00599,1,1,1,1,1,0,0,1,0,0
SIDM00129,1,1,1,1,1,1,0,0,0,0
SIDM00592,1,1,1,1,1,1,0,0,0,0
SIDM01073,1,1,1,1,1,1,0,0,0,0
SIDM00603,1,1,1,1,1,1,0,0,0,0
SIDM00922,1,1,1,1,1,0,1,0,0,0
SIDM00323,1,1,1,1,1,1,0,0,0,0
SIDM00877,1,1,1,1,1,1,0,0,0,0
SIDM00206,1,1,1,1,1,1,0,0,0,0
SIDM00820,1,1,1,1,1,1,0,0,0,0
SIDM00462,0,1,1,1,1,1,1,0,0,0
SIDM01092,1,1,1,1,1,1,0,0,0,0
SIDM00781,1,1,1,1,1,1,0,0,0,0
SIDM00619,1,1,1,1,1,1,0,0,0,0
SIDM00768,0,1,1,1,1,1,1,0,0,0
SIDM00441,1,1,1,1,1,1,0,0,0,0
SIDM00267,1,1,1,1,1,1,0,0,0,0
SIDM01251,1,1,1,1,1,1,0,0,0,0
SIDM00188,1,1,1,1,1,1,0,0,0,0
SIDM01217,1,1,1,1,1,1,0,0,0,0
SIDM00892,1,1,1,1,1,1,0,0,0,0
SIDM00984,1,1,1,1,1,1,0,0,0,0
SIDM00046,1,0,1,1,1,1,0,0,0,1
SIDM01210,1,1,1,1,1,1,0,0,0,0
SIDM00542,1,1,1,1,1,1,0,0,0,0
SIDM00048,1,1,1,1,1,1,0,0,0,0
SIDM00291,1,1,1,1,1,1,0,0,0,0
SIDM01159,1,1,1,1,1,1,0,0,0,0
SIDM00184,1,1,1,1,1,1,0,0,0,0
SIDM00952,1,1,1,1,1,1,0,0,0,0
SIDM00342,1,1,1,1,1,1,0,0,0,0
SIDM00482,1,1,1,1,1,1,0,0,0,0
SIDM00262,1,1,1,1,1,1,0,0,0,0
SIDM00821,1,1,1,1,1,1,0,0,0,0
SIDM00218,1,1,1,1,1,1,0,0,0,0
SIDM00384,1,1,1,1,1,1,0,0,0,0
SIDM00793,1,1,1,1,1,1,0,0,0,0
SIDM01205,1,1,1,1,1,1,0,0,0,0
SIDM00258,1,1,1,1,1,1,0,0,0,0
SIDM00900,0,1,1,1,1,1,0,1,0,0
SIDM00816,1,1,1,1,1,1,0,0,0,0
SIDM01011,1,1,1,1,1,1,0,0,0,0
SIDM00056,1,1,1,1,1,1,0,0,0,0
SIDM00620,1,1,1,1,1,1,0,0,0,0
SIDM01118,1,1,1,1,1,1,0,0,0,0
SIDM00918,1,1,1,1,1,0,0,1,0,0
SIDM00775,0,1,0,0,1,1,1,0,1,1
SIDM00953,1,1,1,1,1,1,0,0,0,0
SIDM00669,0,1,1,1,1,1,1,0,0,0
SIDM00951,1,1,1,1,1,1,0,0,0,0
SIDM00416,1,1,1,1,1,1,0,0,0,0
SIDM00895,1,1,1,1,1,1,0,0,0,0
SIDM01218,1,0,1,1,1,1,0,1,0,0
SIDM00631,1,1,1,1,1,1,0,0,0,0
SIDM01206,1,1,1,1,1,1,0,0,0,0
SIDM00970,1,1,1,1,1,1,0,0,0,0
SIDM00365,1,1,1,1,1,1,0,0,0,0
SIDM00183,1,1,1,1,1,1,0,0,0,0
SIDM01183,1,1,1,1,1,1,0,0,0,0
SIDM00256,1,1,1,1,1,1,0,0,0,0
SIDM00975,1,1,1,1,1,1,0,0,0,0
SIDM00049,1,1,1,1,1,0,0,1,0,0
SIDM00410,1,1,1,1,1,1,0,0,0,0
SIDM00561,1,1,1,1,1,1,0,0,0,0
SIDM00600,1,1,1,1,1,1,0,0,0,0
SIDM01126,1,1,1,1,1,1,0,0,0,0
SIDM00190,1,1,1,1,1,1,0,0,0,0
SIDM00269,1,1,1,1,1,1,0,0,0,0
SIDM00945,0,1,1,1,0,0,1,0,1,1
SIDM00223,1,1,1,1,1,1,0,0,0,0
SIDM00510,1,1,1,1,1,1,0,0,0,0
SIDM00766,1,1,1,1,1,1,0,0,0,0
SIDM00367,1,1,1,1,1,1,0,0,0,0
SIDM01120,1,1,1,1,1,1,0,0,0,0
SIDM00955,1,1,1,1,1,0,0,0,1,0
SIDM01102,1,1,1,1,1,1,0,0,0,0
SIDM01157,1,1,1,1,1,1,0,0,0,0
SIDM00296,1,1,1,1,1,1,0,0,0,0
SIDM00549,1,1,1,1,1,1,0,0,0,0
SIDM00544,1,1,1,1,1,1,0,0,0,0
SIDM01117,1,1,1,1,1,1,0,0,0,0
SIDM00176,1,1,1,1,1,1,0,0,0,0
SIDM01242,1,1,1,1,1,0,0,0,0,0
SIDM00309,1,1,1,1,1,0,0,0,0,0
SIDM00992,1,1,1,0,0,0,1,0,1,0
SIDM00519,1,1,1,1,1,0,0,0,0,0
SIDM00265,0,1,1,1,1,1,0,0,0,0
SIDM00917,0,1,1,1,1,1,0,0,0,0
SIDM00099,1,1,1,1,1,0,0,0,0,0
SIDM00098,1,1,1,1,1,0,0,0,0,0
SIDM00234,0,1,1,1,1,1,0,0,0,0
SIDM00767,0,1,1,1,1,1,0,0,0,0
SIDM00319,1,1,1,1,1,0,0,0,0,0
SIDM00381,1,1,1,1,1,0,0,0,0,0
SIDM00818,1,1,1,1,1,0,0,0,0,0
SIDM00979,0,1,0,0,0,1,1,0,1,1
SIDM00584,1,1,1,1,1,0,0,0,0,0
SIDM00636,0,1,1,1,1,1,0,0,0,0
SIDM00642,0,1,1,1,1,1,0,0,0,0
SIDM00243,1,0,1,1,1,1,0,0,0,0
SIDM00518,1,1,1,1,1,0,0,0,0,0
SIDM00003,0,1,1,1,1,1,0,0,0,0
SIDM00516,1,1,1,1,1,0,0,0,0,0
SIDM00859,1,1,1,1,1,0,0,0,0,0
SIDM00103,1,1,1,1,1,0,0,0,0,0
SIDM00311,1,1,1,1,1,0,0,0,0,0
SIDM00285,0,1,1,1,1,1,0,0,0,0
SIDM00054,0,1,1,1,1,1,0,0,0,0
SIDM00445,1,1,1,1,1,0,0,0,0,0
SIDM00077,0,1,1,1,1,1,0,0,0,0
SIDM01061,0,1,1,1,1,1,0,0,0,0
SIDM00400,1,1,1,1,1,0,0,0,0,0
SIDM00310,1,1,1,1,1,0,0,0,0,0
SIDM00114,1,1,1,1,1,0,0,0,0,0
SIDM00915,0,1,1,1,1,1,0,0,0,0
SIDM00814,1,0,1,1,1,1,0,0,0,0
SIDM00623,1,1,1,1,1,0,0,0,0,0
SIDM00650,0,1,1,1,1,1,0,0,0,0
SIDM01201,1,0,1,1,1,1,0,0,0,0
SIDM00406,0,1,1,1,1,1,0,0,0,0
SIDM00100,1,1,1,1,1,0,0,0,0,0
SIDM00668,1,1,1,1,1,0,0,0,0,0
SIDM00297,1,1,1,1,1,0,0,0,0,0
SIDM01133,0,1,1,1,1,1,0,0,0,0
SIDM00104,1,1,1,1,1,0,0,0,0,0
SIDM00299,1,1,1,1,1,0,0,0,0,0
SIDM01261,1,0,1,1,1,1,0,0,0,0
SIDM01162,1,1,1,1,0,1,0,0,0,0
SIDM00960,0,1,1,1,1,1,0,0,0,0
SIDM00520,1,1,1,1,1,0,0,0,0,0
SIDM00562,1,1,1,1,1,0,0,0,0,0
SIDM00189,0,1,1,1,1,1,0,0,0,0
SIDM00448,0,1,1,1,1,1,0,0,0,0
SIDM00690,1,1,1,1,0,0,0,1,0,0
SIDM00154,1,1,1,1,1,0,0,0,0,0
SIDM00101,1,1,1,1,1,0,0,0,0,0
SIDM01050,0,1,1,1,1,1,0,0,0,0
SIDM00809,0,1,1,1,1,1,0,0,0,0
SIDM00399,1,1,1,1,0,0,0,1,0,0
SIDM00040,1,1,1,1,0,0,0,1,0,0
SIDM01247,1,1,1,1,1,0,0,0,0,0
SIDM01021,1,0,1,1,1,1,0,0,0,0
SIDM00655,1,0,1,1,1,1,0,0,0,0
SIDM00102,1,1,1,1,1,0,0,0,0,0
SIDM00174,0,1,1,1,1,1,0,0,0,0
SIDM00217,0,1,1,1,1,1,0,0,0,0
SIDM01240,1,1,1,1,1,0,0,0,0,0
SIDM00065,0,1,0,0,0,1,1,0,1,1
SIDM00808,1,1,1,1,1,0,0,0,0,0
SIDM00331,0,1,1,1,1,1,0,0,0,0
SIDM01215,0,1,0,0,0,0,1,0,1,1
SIDM01203,1,0,1,1,1,0,0,0,0,0
SIDM01231,0,1,0,1,1,1,0,0,0,0
SIDM00126,1,1,1,1,0,0,0,0,0,0
SIDM01195,0,1,0,0,0,1,1,0,0,1
SIDM00063,0,1,0,0,0,0,1,0,1,1
SIDM00780,0,1,0,0,0,0,1,0,1,1
SIDM00610,0,1,0,0,0,0,1,0,1,1
SIDM00015,0,1,0,0,0,0,1,0,1,1
SIDM00071,0,1,0,0,0,1,1,0,0,1
SIDM00032,0,1,0,0,1,0,1,0,1,0
SIDM00459,1,1,1,1,0,0,0,0,0,0
SIDM00041,1,1,1,1,0,0,0,0,0,0
SIDM00051,1,1,1,1,0,0,0,0,0,0
SIDM00800,0,1,0,0,0,0,1,0,1,1
SIDM00314,0,1,0,0,0,0,1,0,1,1
SIDM00667,1,1,1,1,0,0,0,0,0,0
SIDM01022,0,1,0,0,0,1,1,0,0,1
SIDM00165,0,1,0,0,0,0,1,0,1,1
SIDM00164,0,1,0,0,0,0,1,0,1,1
SIDM00694,1,0,1,1,1,0,0,0,0,0
SIDM00442,1,1,1,0,0,0,1,0,0,0
SIDM00062,0,1,0,0,0,0,1,0,1,1
SIDM00595,0,1,0,0,0,0,1,0,1,1
SIDM00050,1,1,1,1,0,0,0,0,0,0
SIDM00605,0,1,0,0,0,0,1,0,1,1
SIDM00163,0,1,0,0,0,0,1,0,1,0
SIDM00035,0,0,0,0,1,1,0,0,1,0
SIDM00161,0,1,0,0,0,0,1,0,1,0
SIDM01398,0,0,0,0,0,0,1,0,1,1
SIDM00036,0,1,0,0,0,0,1,0,1,0
SIDM00500,0,1,0,0,0,0,1,0,1,0
SIDM01611,0,0,0,0,0,0,1,0,1,1
SIDM01612,0,0,0,0,0,0,1,0,1,1
SIDM00027,0,1,0,0,1,1,0,0,0,0
SIDM00093,0,1,0,0,0,0,1,0,1,0
SIDM00173,0,1,0,0,0,0,1,0,1,0
SIDM00037,0,1,0,0,1,0,0,0,1,0
SIDM01608,0,0,0,0,0,0,1,0,1,1
SIDM01729,0,0,0,0,0,0,1,0,1,1
SIDM01432,0,0,0,0,0,0,1,0,1,1
SIDM01569,0,0,0,0,0,0,1,0,1,1
SIDM00166,0,1,0,0,0,0,1,0,1,0
SIDM00017,0,1,0,0,0,0,1,0,0,1
SIDM00452,0,1,0,0,0,0,1,0,1,0
SIDM01593,0,0,0,0,0,0,1,0,1,1
SIDM00840,0,1,0,0,0,0,0,0,1,1
SIDM00228,0,1,0,0,0,0,1,0,1,0
SIDM00008,0,1,0,0,0,0,1,0,1,0
SIDM01752,0,0,0,0,0,0,1,0,1,1
SIDM00226,0,1,0,0,0,1,1,0,0,0
SIDM01587,0,0,0,0,0,0,1,0,1,1
SIDM00593,0,1,0,0,0,0,1,0,0,1
SIDM01167,0,1,0,0,0,0,1,0,1,0
SIDM01222,0,1,0,0,0,0,1,0,1,0
SIDM00536,0,1,0,0,0,0,1,0,1,0
SIDM00357,0,0,0,1,1,1,0,0,0,0
SIDM00057,0,1,0,0,1,1,0,0,0,0
SIDM00168,0,1,0,0,0,0,1,0,1,0
SIDM01619,0,0,0,0,0,0,1,0,1,1
SIDM00001,0,1,0,0,0,1,1,0,0,0
SIDM00639,0,1,0,0,0,1,1,0,0,0
SIDM01483,0,0,0,0,0,0,1,0,1,1
SIDM00170,0,1,0,0,0,0,1,0,1,0
SIDM00167,0,1,0,0,0,0,1,0,1,0
SIDM01517,0,0,0,0,0,0,1,0,1,1
SIDM01629,0,0,0,0,0,0,1,0,1,1
SIDM00147,0,1,0,0,0,0,1,0,0,1
SIDM00307,0,1,0,0,0,0,1,0,1,0
SIDM01762,0,0,0,0,0,0,1,0,1,1
SIDM00011,0,1,0,0,0,0,1,0,1,0
SIDM00894,0,1,0,0,0,0,1,0,1,0
SIDM01767,0,0,0,0,0,0,1,0,1,1
SIDM01768,0,0,0,0,0,0,1,0,1,1
SIDM01450,0,0,0,0,0,0,1,0,1,1
SIDM01617,0,0,0,0,0,0,1,0,1,1
SIDM00904,0,1,0,0,0,0,1,0,0,1
SIDM00162,0,1,0,0,0,0,1,0,1,0
SIDM00298,0,1,0,0,0,1,1,0,0,0
SIDM01479,0,0,0,0,0,0,1,0,1,1
SIDM01336,0,0,0,0,0,0,1,0,1,1
SIDM00159,0,1,0,0,0,0,1,0,1,0
SIDM01363,0,0,0,0,0,0,1,0,1,1
SIDM00634,0,1,0,0,0,0,1,0,0,1
SIDM01241,0,1,0,0,0,0,1,0,1,0
SIDM00248,0,1,0,0,0,0,1,0,1,0
SIDM00245,1,1,1,0,0,0,0,0,0,0
SIDM01464,0,0,0,0,0,0,1,0,1,1
SIDM00546,0,1,0,0,0,0,1,0,1,0
SIDM00361,1,0,1,1,0,0,0,0,0,0
SIDM01757,0,0,0,0,0,0,1,0,1,1
SIDM01368,0,0,0,0,0,0,1,0,1,1
SIDM01607,0,0,0,0,0,0,1,0,1,0
SIDM01412,0,0,0,0,0,0,1,0,1,0
SIDM01512,0,0,0,0,0,0,1,0,1,0
SIDM00192,0,1,0,0,0,0,1,0,0,0
SIDM01397,0,0,0,0,0,0,1,0,1,0
SIDM01470,0,0,0,0,0,0,1,0,0,1
SIDM01782,0,0,0,0,0,0,1,0,1,0
SIDM01443,0,0,0,0,0,0,1,0,1,0
SIDM01560,0,0,0,0,0,0,1,0,1,0
SIDM01476,0,0,0,0,0,0,1,0,1,0
SIDM01448,0,0,0,0,0,0,1,0,1,0
SIDM00784,0,1,0,0,0,0,1,0,0,0
SIDM01254,0,1,0,0,0,0,1,0,0,0
SIDM01323,0,0,0,0,0,0,1,0,1,0
SIDM01439,0,0,0,0,0,0,1,0,1,0
SIDM01578,0,0,0,0,0,0,1,0,1,0
SIDM01753,0,0,0,0,0,0,1,0,0,1
SIDM01766,0,0,0,0,0,0,1,0,1,0
SIDM01604,0,0,0,0,0,0,1,0,0,1
SIDM01764,0,0,0,0,0,0,1,0,1,0
SIDM01518,0,0,0,0,0,0,1,0,1,0
SIDM00851,0,1,0,0,0,0,1,0,0,0
SIDM01472,0,0,0,0,0,0,1,0,1,0
SIDM01482,0,0,0,0,0,0,1,0,0,1
SIDM01771,0,0,0,0,0,0,1,0,0,1
SIDM01559,0,0,0,0,0,0,1,0,1,0
SIDM00914,0,1,0,0,0,0,1,0,0,0
SIDM01413,0,0,0,0,0,0,1,0,1,0
SIDM01520,0,0,0,0,0,0,1,0,1,0
SIDM01445,0,0,0,0,0,0,1,0,1,0
SIDM00005,0,1,0,0,0,1,0,0,0,0
SIDM01318,0,0,0,0,0,0,1,0,1,0
SIDM01571,0,0,0,0,0,0,1,0,1,0
SIDM01614,0,0,0,0,0,0,1,0,0,1
SIDM01320,0,0,0,0,0,0,1,0,1,0
SIDM01609,0,0,0,0,0,0,1,0,1,0
SIDM01778,0,0,0,0,0,0,1,0,0,1
SIDM01498,0,0,0,0,0,0,1,0,0,1
SIDM01372,0,0,0,0,0,0,1,0,1,0
SIDM01546,0,0,0,0,0,0,1,0,0,1
SIDM00153,0,1,0,0,0,0,1,0,0,0
SIDM01347,0,0,0,0,0,0,0,0,1,1
SIDM00823,0,1,0,0,0,0,1,0,0,0
SIDM01596,0,0,0,0,0,0,1,0,1,0
SIDM01324,0,0,0,0,0,0,1,0,0,1
SIDM01694,0,0,0,0,0,0,1,0,0,1
SIDM01322,0,0,0,0,0,0,1,0,1,0
SIDM01436,0,0,0,0,0,0,1,0,1,0
SIDM01545,0,0,0,0,0,0,1,0,0,1
SIDM00158,0,1,0,0,0,0,1,0,0,0
SIDM00169,0,1,0,0,0,0,1,0,0,0
SIDM01343,0,0,0,0,0,0,1,0,1,0
SIDM01523,0,0,0,0,0,0,1,0,1,0
SIDM01321,0,0,0,0,0,0,1,0,1,0
SIDM01677,0,0,0,0,0,0,1,0,1,0
SIDM01773,0,0,0,0,0,0,1,0,0,1
SIDM01065,0,0,0,0,0,0,1,0,0,1
SIDM01447,0,0,0,0,0,0,1,0,1,0
SIDM01659,0,0,0,0,0,0,1,0,1,0
SIDM00991,0,1,0,0,0,0,1,0,0,0
SIDM00862,0,1,0,0,0,0,1,0,0,0
SIDM01774,0,0,0,0,0,0,1,0,1,0
SIDM01510,0,0,0,0,0,0,1,0,0,1
SIDM01332,0,0,0,0,0,0,1,0,1,0
SIDM00497,0,1,0,0,0,0,1,0,0,0
SIDM00029,0,1,0,0,0,0,1,0,0,0
SIDM00075,0,0,0,0,1,1,0,0,0,0
SIDM01780,0,0,0,0,0,0,1,0,0,1
SIDM01622,0,0,0,0,0,0,1,0,1,0
SIDM01635,0,0,0,0,0,0,1,0,1,0
SIDM01377,0,0,0,0,0,0,1,0,0,1
SIDM01494,0,0,0,0,0,0,1,0,1,0
SIDM01570,0,0,0,0,0,0,1,0,1,0
SIDM01526,0,0,0,0,0,0,1,0,1,0
SIDM01226,0,0,0,0,0,0,1,0,1,0
SIDM01573,0,0,0,0,0,0,1,0,0,1
SIDM00002,0,1,0,0,1,0,0,0,0,0
SIDM01460,0,0,0,0,0,0,1,0,1,0
SIDM01624,0,0,0,0,0,0,1,0,1,0
SIDM00836,0,1,0,0,0,0,0,0,0,1
SIDM01735,0,0,0,0,0,0,1,0,1,0
SIDM01409,0,0,0,0,0,0,1,0,1,0
SIDM01331,0,0,0,0,0,0,1,0,1,0
SIDM01411,0,0,0,0,0,0,1,0,1,0
SIDM00074,0,1,0,0,0,0,1,0,0,0
SIDM01449,0,0,0,0,0,0,1,0,1,0
SIDM00026,0,1,0,0,0,1,0,0,0,0
SIDM00897,0,1,0,0,0,0,1,0,0,0
SIDM00160,0,1,0,0,0,0,1,0,0,0
SIDM00397,0,1,0,0,0,0,1,0,0,0
SIDM01434,0,0,0,0,0,0,1,0,1,0
SIDM01529,0,0,0,0,0,0,1,0,1,0
SIDM01605,0,0,0,0,0,0,1,0,1,0
SIDM01387,0,0,0,0,0,0,1,0,1,0
SIDM01258,0,0,0,0,0,1,0,0,0,0
SIDM01115,0,0,0,0,0,0,0,0,0,1
SIDM01525,0,0,0,0,0,0,1,0,0,0
SIDM01435,0,0,0,0,0,0,1,0,0,0
SIDM01553,0,0,0,0,0,0,1,0,0,0
SIDM01692,0,0,0,0,0,0,1,0,0,0
SIDM01618,0,0,0,0,0,0,1,0,0,0
SIDM01374,0,0,0,0,0,0,0,0,1,0
SIDM01657,0,0,0,0,0,0,1,0,0,0
SIDM00061,0,0,0,0,0,1,0,0,0,0
SIDM01602,0,0,0,0,0,0,1,0,0,0
SIDM01471,0,0,0,0,0,0,1,0,0,0
SIDM01551,0,0,0,0,0,0,1,0,0,0
SIDM00171,0,1,0,0,0,0,0,0,0,0
SIDM01691,0,0,0,0,0,0,1,0,0,0
SIDM01690,0,0,0,0,0,0,1,0,0,0
SIDM01511,0,0,0,0,0,0,1,0,0,0
SIDM00069,0,0,0,0,0,1,0,0,0,0
SIDM00059,0,0,0,0,0,1,0,0,0,0
SIDM01576,0,0,0,0,0,0,1,0,0,0
SIDM01679,0,0,0,0,0,0,1,0,0,0
SIDM01522,0,0,0,0,0,0,1,0,0,0
SIDM01530,0,0,0,0,0,0,1,0,0,0
SIDM01572,0,0,0,0,0,0,1,0,0,0
SIDM01433,0,0,0,0,0,0,1,0,0,0
SIDM00034,0,0,0,0,0,1,0,0,0,0
SIDM01777,0,0,0,0,0,0,1,0,0,0
SIDM01660,0,0,0,0,0,0,1,0,0,0
SIDM01606,0,0,0,0,0,0,0,0,1,0
SIDM01410,0,0,0,0,0,0,1,0,0,0
SIDM00757,0,1,0,0,0,0,0,0,0,0
SIDM01727,0,0,0,0,0,0,1,0,0,0
SIDM01502,0,0,0,0,0,0,1,0,0,0
SIDM00787,0,0,0,0,0,0,1,0,0,0
SIDM00009,0,1,0,0,0,0,0,0,0,0
SIDM01473,0,0,0,0,0,0,1,0,0,0
SIDM01756,0,0,0,0,0,0,1,0,0,0
SIDM00060,0,0,0,0,0,1,0,0,0,0
SIDM01598,0,0,0,0,0,0,1,0,0,0
SIDM01575,0,0,0,0,0,0,1,0,0,0
SIDM00221,0,0,0,0,1,0,0,0,0,0
SIDM01446,0,0,0,0,0,0,1,0,0,0
SIDM00004,0,0,0,0,0,1,0,0,0,0
SIDM01582,0,0,0,0,0,0,1,0,0,0
SIDM00827,0,0,0,0,0,1,0,0,0,0
SIDM01437,0,0,0,0,0,0,1,0,0,0
SIDM01640,0,0,0,0,0,0,1,0,0,0
SIDM01741,0,0,0,0,0,0,1,0,0,0
SIDM01628,0,0,0,0,0,0,1,0,0,0
SIDM01658,0,0,0,0,0,0,1,0,0,0
SIDM01556,0,0,0,0,0,0,1,0,0,0
SIDM01444,0,0,0,0,0,0,1,0,0,0
SIDM01758,0,0,0,0,0,0,1,0,0,0
SIDM00911,0,0,0,0,0,0,1,0,0,0
SIDM00073,0,0,0,0,0,1,0,0,0,0
SIDM01820,0,0,0,0,0,0,1,0,0,0
SIDM01667,0,0,0,0,0,0,1,0,0,0
SIDM01676,0,0,0,0,0,0,1,0,0,0
SIDM01697,0,0,0,0,0,0,1,0,0,0
SIDM01859,0,0,0,0,0,0,1,0,0,0
SIDM00072,0,0,0,0,0,1,0,0,0,0
SIDM01589,0,0,0,0,0,0,1,0,0,0
SIDM01743,0,0,0,0,0,0,1,0,0,0
SIDM01455,0,0,0,0,0,0,1,0,0,0
SIDM01503,0,0,0,0,0,0,1,0,0,0
SIDM00786,0,0,0,0,0,0,1,0,0,0
SIDM01581,0,0,0,0,0,0,1,0,0,0
SIDM01519,0,0,0,0,0,0,1,0,0,0
SIDM00025,0,1,0,0,0,0,0,0,0,0
SIDM01883,0,0,0,0,0,0,1,0,0,0
SIDM01662,0,0,0,0,0,0,1,0,0,0
SIDM00177,0,0,0,0,1,0,0,0,0,0
SIDM01263,0,0,0,0,0,1,0,0,0,0
SIDM00031,0,0,0,0,0,1,0,0,0,0
SIDM01724,0,0,0,0,0,0,1,0,0,0
SIDM01717,0,0,0,0,0,0,1,0,0,0
SIDM01561,0,0,0,0,0,0,0,0,0,1
SIDM01474,0,0,0,0,0,0,1,0,0,0
SIDM00067,0,0,0,0,0,1,0,0,0,0
SIDM00006,0,1,0,0,0,0,0,0,0,0
SIDM01521,0,0,0,0,0,0,1,0,0,0
SIDM01391,0,0,0,0,0,0,1,0,0,0
SIDM01775,0,0,0,0,0,0,1,0,0,0
SIDM00109,0,0,0,0,0,0,0,0,0,1
SIDM01563,0,0,0,0,0,0,1,0,0,0
SIDM01693,0,0,0,0,0,0,1,0,0,0
SIDM00014,0,1,0,0,0,0,0,0,0,0
SIDM01728,0,0,0,0,0,0,1,0,0,0
SIDM01454,0,0,0,0,0,0,1,0,0,0
SIDM01554,0,0,0,0,0,0,0,0,1,0
SIDM01781,0,0,0,0,0,0,1,0,0,0
SIDM01442,0,0,0,0,0,0,1,0,0,0
SIDM01574,0,0,0,0,0,0,1,0,0,0
SIDM01739,0,0,0,0,0,0,1,0,0,0
SIDM00016,0,0,0,0,0,0,1,0,0,0
SIDM01577,0,0,0,0,0,0,1,0,0,0
SIDM01335,0,0,0,0,0,0,1,0,0,0
SIDM00871,0,0,0,0,0,0,1,0,0,0
SIDM01453,0,0,0,0,0,0,1,0,0,0
SIDM01514,0,0,0,0,0,0,1,0,0,0
SIDM01884,0,0,0,0,0,0,1,0,0,0
SIDM01424,0,0,0,0,0,0,1,0,0,0
SIDM01499,0,0,0,0,0,0,0,0,1,0
SIDM00007,0,1,0,0,0,0,0,0,0,0
SIDM00178,0,0,0,0,1,0,0,0,0,0
SIDM00908,0,0,0,0,0,0,1,0,0,0
SIDM01696,0,0,0,0,0,0,1,0,0,0
SIDM01463,0,0,0,0,0,0,0,0,1,0
SIDM01588,0,0,0,0,0,0,1,0,0,0
SIDM01531,0,0,0,0,0,0,1,0,0,0
SIDM01682,0,0,0,0,0,0,1,0,0,0
SIDM00020,0,0,0,0,0,1,0,0,0,0
SIDM00068,0,1,0,0,0,0,0,0,0,0
SIDM01760,0,0,0,0,0,0,1,0,0,0
SIDM00039,0,0,0,0,0,1,0,0,0,0
SIDM01567,0,0,0,0,0,0,1,0,0,0
SIDM01750,0,0,0,0,0,0,1,0,0,0
SIDM01668,0,0,0,0,0,0,1,0,0,0
SIDM00070,0,1,0,0,0,0,0,0,0,0
SIDM01746,0,0,0,0,0,0,1,0,0,0
SIDM01393,0,0,0,0,0,0,1,0,0,0
SIDM01603,0,0,0,0,0,0,1,0,0,0
SIDM01887,0,0,0,0,0,0,0,0,1,0
SIDM01224,0,0,0,0,0,1,0,0,0,0
SIDM01858,0,0,0,0,0,0,1,0,0,0
SIDM01257,0,1,0,0,0,0,0,0,0,0
SIDM01316,0,0,0,0,0,0,1,0,0,0
SIDM00219,0,0,0,0,0,0,0,0,1,0
